angle,left_estimate,right_estimate,left_error,right_error
0.0,-0.001626606074407986,-0.0007532981428609848,0.001626606074407986,0.0007532981428609848
0.174532925199,0.16864802411051788,0.17192562558966623,0.005884901088915068,0.0026072996097667167
0.349065850399,0.3410929708340697,0.3412865717851317,0.007972879564796198,0.007779278613734175
0.523598775598,0.5142233205930603,0.4981675592512955,0.009375455005238509,0.025431216347003294
0.698131700798,0.6265453378731484,0.638854706945947,0.07158636292458342,0.059276993851784754
0.872664625997,0.8842517176176745,0.854433548809122,-0.011587091620509749,0.018231077188042732
1.0471975512,1.0593018337760887,1.037332858757,-0.012104282579491032,0.009864692439597533
1.2217304764,1.2359110228223664,1.2260915234611058,-0.014180546426335816,-0.00436104706507523
